id,name,restype,repo_owner,repo_name,repo_commit_hash,icon,cover,tags,device_vendors,devices,paid_type
LegacyItem1,Starfield Chronomark,watchface,Searchstars,StarfieldWatchFace_AstroBox_Release,efdc847,icon.png,preview.png,复刻;Starfield;星空;表盘;简约,xiaomi,xmws3;xmws4,
com.charlie.muyuPro,木鱼Pro,quick_app,wuhaiqi0621,muyuPro_ForAstroBox,83266a4,icon.png,head.png,实用工具;木鱼;电子木鱼;游戏,xiaomi,xmb9;xmb9p;xmb10;xmb10nfc,paid
LegacyItem8,喵喵电子书,quick_app,NEORUAA,MiaoReader_AstroBox_Release,61d87d0,icon.png,cover.png,实用工具;电子书;阅读;小说,xiaomi,xmb10;xmb10nfc;xmb9p,
LegacyItem9,跃界,watchface,aurysian-yan,leap-n67-astrobox,fe87635,icon.png,cover.png,景深;壁纸;表盘;数据展示,xiaomi,xmb9p,
LegacyItem10,我的世界,quick_app,DDguan2010,vela-minecraft,0ce9eaa,icon.png,preview0.png,游戏;我的世界;开放世界;休闲,xiaomi,xmb10;xmb10nfc;xmb9;xmb9p,force_paid
LegacyItem11,realive 3(试用),watchface,CoraTech-Wear,realive-3-Watchface,eedf5cb,icon.png,cover.png,表盘;多功能;数据展示;双时区;时间壁纸,xiaomi,xmb10;xmb10nfc,paid
LegacyItem7,水平仪,quick_app,leset0ng,lstReleaseForAstroBox,be562f9,logo.png,cover.png,实用工具;水平仪;工具,xiaomi,xmb9;xmb9p;xmb10;xmb10nfc;xmws3;xmws4;o63;xmrw5,
LegacyItem12,SekaiUI 初音未来表盘,watchface,SmallK111407,SekaiUI_AstroBox,a7a63be,icon.png,%E5%A4%B4%E5%9B%BE.png,表盘;世界计划;初音未来;数据展示;丰富样式,xiaomi,xmb9p;n65;xmrw5;xmrw5xring;xmrw6,
LegacyItem14,环间图库,quick_app,NEORUAA,BandAlbum_AstroBox_Release,4df5740,icon.png,cover.png,实用工具;图库;相册;图片,xiaomi,xmws4;xmws3;o63;xmws4xring;xmb10;xmb10nfc;xmb9;xmb9p,
LegacyItem15,设备详细信息,quick_app,Internet1235,DeviceInfo_AstroBox_Release,a4925a2,icon.svg,cover.svg,实用工具;设备信息;系统信息,xiaomi,xmb9;xmb10;xmb10nfc;xmb9p;xmws3;xmws4;xmws4xring;o63;xmrw5;xmrw5xring;xmrw6,
LegacyItem16,澄序课程表,quick_app,waterflames-team,clartime-velaapp-astroinfo,5b65c78,logo.png,cover.png,实用工具;课程表;简约;美观,xiaomi,xmb9p,
cn.waijade.okschoollife,OK School Life,quick_app,CheongSzesuen,OKSchoolLife_AstroBox_Release,870c217,icon.png,head%401x.png,游戏;文字游戏;移植;校园模拟;学校;校园,xiaomi,xmb9p;xmb9;xmb10;xmb10nfc,
LegacyItem18,playball,quick_app,zyhsck,my_astrobox_ball,9d458d9,logo.png,cover.png,游戏,xiaomi,xmrw5;xmrw5xring,
com.azumachiaki.block_life,方块生活,quick_app,Azumachiaki,block_life,a8d5d34,icon.png,cover.png,游戏;开放世界;沙盒游戏,xiaomi,xmb9p;xmb9;xmb10;xmb10nfc,force_paid
com.azumachiaki.fading_star,残星,quick_app,Azumachiaki,Fading_Star,2ddb659,icon.png,cover.png,游戏;回合制;剧情游戏,xiaomi,xmb9p;xmb9;xmb10;xmb10nfc,force_paid
com.Furina.Dreamqiu.cn,腕上芙宁娜Pro,quick_app,Dreamqiucn,Furina_of_band_PRO,9007c9f,logo.png,preview1.png,游戏;养成;战斗;原神;付费,xiaomi,xmb9;xmb9p;xmb10nfc;xmb10;xmrw5;xmrw5xring,force_paid
com.Dreamqiu.feelingdiary,心情日记,quick_app,Dreamqiucn,feelingdiary-Astrobox,8d37111,logo.png,preview1.png,实用工具;日记;软件;免费,xiaomi,xmb9p,
com.Dreamqiu.poem,高中古诗词,quick_app,Dreamqiucn,poem-Astrobox,cead934,logo.png,preview1.png,实用工具;软件;高中;学习工具;古诗;免费,xiaomi,xmb9p,
LegacyItem33,番茄钟,quick_app,zyhsck,my_astrobox_tomatoclock,0737ba3,logo.png,cover.jpeg,工具,xiaomi,xmrw5;xmrw5xring,
LegacyItem34,多功能组件,watchface,RX79XT,Multi-functional-component_AstroBox,7a826f3,icon.png,preview1.png,可编辑;付费;简约,xiaomi,xmws4;xmws4xring;xmb9;n62s,paid
LegacyItem35,舒尔特方格,quick_app,yzl3014,AstroBox_Schulte,7490ae5,logo.png,cover.png,游戏;舒尔特方格;专注力;Schulte Grid,xiaomi,xmb9p,
LegacyItem36,ATRI,quick_app,liuyuze61,ATRI_AstroBox,eebedd6,logo.png,preview.png,galgame,xiaomi,xmb10;xmb9;xmb10nfc;xmb9p,
LegacyItem37,抽卡人生,quick_app,easejun,cardSimulater_AstroBox_Release,73b8430,icon.png,preview.png,游戏;模拟,xiaomi,xmb9;xmb9p;xmrw5;xmrw5xring,force_paid
LegacyItem38,奇阵防,quick_app,easejun,arcaneArray_AstroBox_Release,d5c0bf4,icon.png,preview.png,游戏;塔防游戏,xiaomi,xmb9p;xmrw5;xmrw5xring,force_paid
LegacyItem39,钓鱼,quick_app,easejun,fish_AstroBox_Release,14a2800,icon.png,preview.png,游戏;模拟,xiaomi,xmb9p;xmrw5;xmrw5xring,force_paid
LegacyItem40,斗地主,quick_app,SarmonFish,vela-doudizhu-release,7c1fcff,icon.png,cover.png,游戏;回合制;休闲,xiaomi,xmb9p;xmb9;xmb10;xmb10nfc;xmrw5;xmrw5xring;xmws4;xmws4xring;xmws3,
LegacyItem41,章鱼克喵喵,watchface,MapleMapleMa,Klein_Moretti,05c6ffe,icon.png,头图.jpg,表盘;诡秘之主,xiaomi,"n66,o66,o66nfc",
LegacyItem42,内卷盒子,quick_app,Tellmeway0,LearnBox,6194bc6,logo.png,cover.png,学习;高效;付费,xiaomi,xmb9p,force_paid
LegacyItem43,时研Focus,quick_app,Solan-486,Time-Y-Resource-Astrobox,215e5a5,icon.png,cover.png,快应用;工具;专注时钟;摆件;番茄钟,xiaomi,xmb9p,force_paid
LegacyItem46,户山香澄 表盘,watchface,SmallK111407,KasumiWatchFace_AstroBox,ae37357,icon.png,%E5%A4%B4%E5%9B%BE.png,表盘;邦多利;户山香澄;二次元;丰富样式;多数据,xiaomi,xmb9p,
LegacyItem44,扫雷,quick_app,jfgege,Minesweeper-Vela,b7cc348,logo.png,header.png,游戏;扫雷;经典,xiaomi,xmb9;xmb10;xmb10nfc;xmb9p;xmrw5;xmws3;xmws4,force_paid
LegacyItem47,「如常」普拉娜,watchface,AL-1S-hash,AB-rc-pln,eb5c9bb,icon.png,preview0.png,表盘;付费;可编辑;时间感知;多设备支持,xiaomi,xmb9p;xmb9;xmb10;xmb10nfc,paid
LegacyItem48,学习盒子-初中版,quick_app,Hiqming,chuzhong,e010a4e,logo.png,1.jpg,实用工具;学习,xiaomi,xmb9;xmb9p;xmb10;xmb10nfc,force_paid
LegacyItem49,学习盒子-高中版,quick_app,Hiqming,gaozhong,fb8450a,logo.png,1.jpg,实用工具;学习,xiaomi,xmb9;xmb9p;xmb10;xmb10nfc,force_paid
LegacyItem50,趣摇盲盒,quick_app,Hiqming,qymh,1220217,logo.png,1.jpg,游戏;随机,xiaomi,xmb9;xmb9p;xmb10;xmb10nfc,force_paid
LegacyItem51,动感飞车,quick_app,Hiqming,feiche,12d7350,logo.png,1.jpg,游戏;赛车;动感,xiaomi,xmb9;xmb10;xmb10nfc,force_paid
LegacyItem52,WindowsWF,watchface,wuhaiqi0621,WinWF_ForAstroBox,200094c,icon.png,head.png,Windows;表盘;微软;Win11;跳转;壁纸,xiaomi,xmb10;xmb10nfc,
cn.waijade.Isotope.2048,同位素2048,quick_app,CheongSzesuen,Isotope2048_AstroBox_Release,a0c6769,logo.png,Isotope2048.png,2048;游戏;化学;科学;趣味;二改,xiaomi,xmb9;xmb10;xmb10nfc;xmb9p,
LegacyItem54,环间扫雷,quick_app,DDguan2010,vela-minesweeper,c35a1a5,icon.png,preview0.png,游戏;休闲;扫雷,xiaomi,xmb10;xmb10nfc;xmb9,force_paid
LegacyItem55,【部分付费】派对游戏合集,quick_app,Demon0H,partygame_miband,cf46991,icon.png,cover.png,游戏;付费;派对游戏,xiaomi,"n66,n67,o66,o66nfc",paid
LegacyItem56,人生重开模拟器,quick_app,DDguan2010,vela-liferestart,e425273,icon.png,preview0.png,游戏;休闲;人生重开;模拟,xiaomi,xmb10;xmb10nfc;xmb9,
LegacyItem57,雪山动态表盘,watchface,Ziyimiao5054,Snow-Mountain,58c1eee,icon.png,cover.png,表盘;动态;雪山,xiaomi,xmb10;xmb10nfc,
com.Dreamqiu.Rcalculate,经验回归方程计算,quick_app,Dreamqiucn,rcalculate-Astrobox,2c8958b,logo.png,preview1.png,实用工具;软件;计算器,xiaomi,xmb9p,
LegacyItem59,星空Starfield for Xiaomi Watch S4,watchface,MineBabyBlue,Starfield_Watchface_AstroBox_Release-main,87ed74b,icon.png,preview.png,复刻;Starfield;星空;表盘;多数据;免费,xiaomi,xmws4,
LegacyItem60,米塔mita动态眨眼表盘,watchface,MineBabyBlue,Mita_Watchface_AstroBox_Release-main,91b62c4,icon.png,preview.png,二次元;多数据;表盘;二改;免费,xiaomi,xmb9p,
LegacyItem61,猫猫木鱼互动表盘（预览）,watchface,MineBabyBlue,CatMuyu_Watchface_AstroBox_Release-main,d6f1fce,icon.png,preview.png,多配色;可互动;可爱;表盘;付费,xiaomi,xmb9p;xmb10,paid
LegacyItem62,WORDLE,quick_app,SarmonFish,vela-wordle-release,19279a5,icon.png,cover.png,游戏;解谜;休闲,xiaomi,xmb9p;xmb9;xmb10;xmb10nfc;xmrw5;xmrw5xring;xmws4;xmws4xring;xmws3,
LegacyItem63,Contrasting colors,watchface,Azumachiaki,ctls,fd9a4a2,icon.png,cover.png,表盘;免费;AstroBox专属,xiaomi,xmb9p,
LegacyItem64,Unlock mi Phone,quick_app,Azumachiaki,ulmp,0a1d79d,icon.png,cover.png,游戏;免费;AstroBox专属;梗,xiaomi,xmb9p,
LegacyItem65,绘刻系列,watchface,Ziyimiao5054,Drawing-Carve,9f0f338,icon.png,cover.png,表盘;二次元;免费;景深,xiaomi,xmb10;xmb10nfc,
LegacyItem66,Material You,watchface,YangWan233,Material-You_AstroBox,4461c90,icon.png,cover.png,表盘;免费;简约,xiaomi,xmb9p,
com.Dreamqiu.CyberGua,赛博算卦,quick_app,Dreamqiucn,cybergua-Astrobox,9469dd2,logo.png,preview1.png,实用工具;软件;算卦;免费,xiaomi,xmb9p,
LegacyItem69,愤怒的小球,quick_app,Dreamqiucn,angryballs-Astrobox,45cdde2,logo.png,preview1.png,游戏;2d;休闲,xiaomi,xmb9p;xmb9;xmb10;xmb10nfc,force_paid
com.yzl3014.simplerss,SimpleRSS,quick_app,yzl3014,AstroBox_SimpleRSS,28598dc,logo.png,cover_v3.png,免费;实用工具;阅读;RSS;开源,xiaomi,xmb9p;xmrw5;xmrw5xring,
LegacyItem71,MIPhone Go,quick_app,wanggantian,MIPhonego,88e0df7,icon.png,cover.png,游戏;免费;梗,xiaomi,xmb9p,
LegacyItem72,环间古诗词,quick_app,DDguan2010,vela-poem,fd0e396,icon.png,preview0.png,工具;古诗词;学习,xiaomi,xmb10;xmb10nfc;xmb9;xmb9p,force_paid
LegacyItem73,雪山动态_S4,watchface,Ziyimiao5054,Snow-Mountain_S4,72f515c,icon.png,cover.png,表盘;动态;雪山,xiaomi,xmws4;xmws4xring,
LegacyItem75,BanGUI 千早爱音,watchface,SmallK111407,BanGUI_ChihayaAnon_AstroBox,a4ad144,icon.png,cover.png,表盘;邦多利;千早爱音;二次元;丰富样式;多数据,xiaomi,xmb10;xmb10nfc,paid
LegacyItem70,环间跳蛋,quick_app,MapleMapleMa,SmartVibrator,05c081f,icon.png,头图.png,娱乐;实用工具,xiaomi,xmb10;xmb10nfc,
LegacyItem76,Physium,quick_app,asahiqin,physium-aiot,f576a19,logo.png,cover.png,学习;实用工具;开源,xiaomi,xmb9;xmb9p,
LegacyItem77,花开忘忧,watchface,wuhaiqi0621,HuaKaiWangYou_ForAstroBox,1e3257c,icon.png,head.png,景色;简约;表盘;花,xiaomi,xmb9p,
LegacyItem78,飞鸟会长不肯认输,quick_app,liuyuze61,Asunabi_AstroBox,9929fb9,logo.png,preview.png,galgame;游戏,xiaomi,xmb9p;xmb10;xmb10nfc,
icu.ccicc.jslab,JSLab,quick_app,cciccicu,JSLab_AstroBox_Release,05ff539,logo.png,cover.png,JS;工具,xiaomi,xmb9p,
cn.waijade.B2048,更好的2048,quick_app,CheongSzesuen,B2048_AstroBox_Release,edb72d8,logo.png,head.png,2048;二改;更好的2048;益智,xiaomi,xmb10;xmb10nfc,
LegacyItem83,赤旗破晓,quick_app,Tellmeway0,RememberHistory,9bfe066,logo.png,rh_cover.png,历史;游戏;免费,xiaomi,xmb9p,
LegacyItem85,Ocean,watchface,YangWan233,Ocean_AstroBox,cdecd4b,icon.png,cover.png,海洋;景深;多样式;跳转;免费,xiaomi,xmb9p,
LegacyItem86,Poster,quick_app,virelyx258,Vela_Poster,c93d105,icon.png,2233poster.png,网络;实用工具;免费,xiaomi,xmrw5;xmrw5xring,
LegacyItem87,MaxTab,quick_app,Goge052215,MaxTab,9bb3686,logo.png,head_image.png,计算器;实用工具;免费,xiaomi,xmb10;xmb10nfc,
LegacyItem89,realive 3 Classic F4,watchface,yizigezi,realive-3-Classic-F4,decf8cd,logo.png,preview.png,表盘;经典;复刻;跳转;小米手环4;可编辑,xiaomi,xmb10;xmb10nfc,
LegacyItem90,『忆』UI,watchface,AL-1S-hash,AB-y,813f534,icon.png,tt.png,付费;表盘;缓慢亮屏;二次元;普拉娜;阿罗娜,xiaomi,xmb10nfc;xmb9p;xmb10,force_paid
LegacyItem92,FlappyBird Pro,quick_app,YangWan233,FlappyBird-Pro_AstroBox,f500606,icon.png,cover.png,游戏;经典;免费,xiaomi,xmb9p,
LegacyItem96,勇者指令：地下城,quick_app,liuyuze61,BraveCommand_Dungeons_AstroBox,a56c144,logo.png,preview10.png,游戏;回合制;jrpg;像素风格,xiaomi,xmb9p;xmrw5;xmrw5xring;xmb9,force_paid
LegacyItem91,BandTwine,quick_app,OrPudding,BandTwine_AstroBox_Release,da1f50a,icon.png,cover.png,游戏;互动小说;文字游戏;实用工具;游戏引擎,xiaomi,xmws3;xmb9;xmb9p;xmws4;xmb10;xmb10nfc,
LegacyItem98,MerquryIM Dev,quick_app,CoraTech-Wear,merqury-astrobox-res,020857a,icon.png,cover.png,聊天;IM;QQ;开源,xiaomi,xmrw5xring;xmws4xring;xmws4,
LegacyItem99,会了吧,quick_app,mqycn,huile8-miband,bd88607,icon.png,preview.png,实用工具,xiaomi,xmws3;xmws4;xmws4xring;xmrw5;xmrw5xring;xmb9;xmb9p,
LegacyItem100,SMusic,quick_app,SarmonFish,vela-smusic-release,0a9fa1c,icon.png,cover.png,音乐;实用工具;开源,xiaomi,xmws3;xmws4;xmws4xring;xmrw5;xmrw5xring;xmrw6,
LegacyItem102,HyperSurf先行预览版,quick_app,AetherZeng1145,HyperSurf_Res,4fee7dd,logo.png,preview.png,浏览器;免费;实用工具,xiaomi,xmws4;xmws3;xmws4xring,
LegacyItem103,UNO,quick_app,SixOneTeam,UNO_res,e33bc32,icon.png,preview.png,游戏;UNO;像素风格,xiaomi,xmb9;xmb10;xmb10nfc;xmb9p,force_paid
LegacyItem104,腕上三国,quick_app,SixOneTeam,sanguo_res,a847fc8,icon.png,preview.png,游戏;三国杀;策略,xiaomi,xmb9;xmb10;xmb10nfc;xmb9p,force_paid
LegacyItem105,骗子酒馆,quick_app,SixOneTeam,pianzi_res,53e6160,icon.png,preview.png,游戏;策略;竞争,xiaomi,xmb9;xmb10;xmb10nfc;xmb9p,force_paid
LegacyItem106,伪装模式,quick_app,SixOneTeam,weizhuang_res,3c80af7,icon.png,preview.png,工具;伪装;保护,xiaomi,xmb9;xmb10;xmb10nfc;xmb9p,force_paid
LegacyItem107,众生,quick_app,SixOneTeam,zhongsheng_res,9e933fd,icon.png,preview.png,游戏;人生;模拟,xiaomi,xmb9;xmb10;xmb10nfc;xmb9p,force_paid
LegacyItem108,「景深;缓亮」长崎素世 [MyGO!!!!!],watchface,midi-HL,-MyGO-,dfef2e1,icon.jpg,xmbnad9.png,表盘;缓慢亮屏;二次元;MyGO!!!!!;长崎素世;景深,xiaomi,xmb9,
com.sxm.humanrule,生物节律周期表,quick_app,SXM081115,Humanrule_VelaApp,4540f53,icon.png,preview0.png,工具;预测;实用工具;免费;学习工具;简约,xiaomi,xmb9;xmrw6;xmb9p;xmb10;xmb10nfc;xmrw5;xmrw5xring,
LegacyItem113,BandPet-Free,quick_app,lladlam,AstroBox-BandPet-free,87ed261,icon.png,preview.png,游戏;点击;交换,xiaomi,"xmb9p;xmrw5;xmrw5xring;xmrw6;xmws4;xmws4xring;,",
LegacyItem117,PymChat,quick_app,sjjsjj8,pymChat,84144e8,icon.png,preview0.png,免费;聊天;AI,xiaomi,xmrw6;xmrw5xring;xmrw5;xmb9p;xmws4,
9798967323707,超级岛HyperIsland,watchface,aurysian-yan,astrobox-resource-9798967323707,a3ccbda,media/Frame 184.png,media/HL-0.png,表盘;付费表盘;超级岛;可编辑;自定义;壁纸;澎湃OS,xiaomi,xmrw5;xmrw5xring;xmrw6;xmb10p;xmb9p,force_paid
979897989798,ABGirl动态表盘,watchface,AstralSightStudios,ABGirl-ABResV1,ffa487e,icon.png,cover.png,AB娘;官方资源;动态;二次元,xiaomi,xmb9p;xmb9;xmb10;xmws3;xmb10nfc;xmws4;xmrw5;xmrw5xring;xmrw6;xmws4xring,force_paid
LegacyItem120,羊了个羊,quick_app,SixOneTeam,yang_res,153a2fe,icon.png,preview.png,游戏;休闲;娱乐,xiaomi,xmb9;xmb10;xmb10nfc;xmb9p,force_paid
979865900101,富士山,watchface,apanzinc,FM-AstroBox,9e17600,icon.png,cover.png,风景;多功能,xiaomi,xmb9;xmb9p;xmb10;xmb10nfc;xmrw5;xmrw5xring,
LegacyItem122,StarsUI「景深」后藤一里,watchface,midi-HL,Bocchi-the-Rock-astrobox-Public,920e3c6,logo.jpg,xmbnad9-1.png,Bocchi the Rock;后藤一里,xiaomi,xmb9,
LegacyItem123,咩咩数独,quick_app,Clighten,miemieSudoku,141557a,icon.png,preview0.jpeg,游戏;休闲;数独,xiaomi,xmb9;xmb9p;xmrw6;xmb10;xmb10nfc;xmws,
LegacyItem125,Xr缤纷色彩表盘,watchface,YcFeller,xrbfxm,7ca9c10,icon.png,cover.png,多样式;色彩,xiaomi,xmb9;n66nfc,
LegacyItem126,初音未来排版表盘,watchface,YcFeller,watchface-miku,a89e8ac,icon.png,cover.png,二次元;初音未来,xiaomi,xmb9;n66nfc,
LegacyItem127,动态八重神子,watchface,YcFeller,watchface-yae-miko,7085382,icon.png,cover.png,二次元;原神;动态,xiaomi,xmb10;xmb10nfc;xmb9;n66nfc,
LegacyItem128,动态爱莉希雅,watchface,YcFeller,watchface-elysia,9096f2b,icon.png,cover.png,二次元;崩坏3;动态,xiaomi,xmb10;xmb10nfc;xmb9;n66nfc,
LegacyItem129,录了吗APP,quick_app,YcFeller,quick_app-lulema,7ec31f2,icon.png,cover.png,工具;录音,xiaomi,xmb9p,
LegacyItem130,曦岸极简表盘,watchface,YcFeller,watchface-xian-minimal,e8d3c82,icon.png,cover.png,极简;商务,xiaomi,xmb9;n66nfc,
Com.MatrixFive.NumberSlidingPuzzle,数字华容道,quick_app,jinmohan,Number-Sliding-Puzzle-AstroBox,9ca4e89,icon.png,preview.png,游戏;开源;华容道,xiaomi,xmrw5;xmws4;xmrw6;xmrw5xring;xmb9p;xmb10;xmb10nfc;xmws3;xmb9,
com.nvyou.fatex,女友模拟器,quick_app,Rubbishzzz,my_app-astrobox_AstroBox_Release,af51c3f,logg.png,xct.png,养成类;免费;FATE X;极品UI;UI美观;好玩,xiaomi,xmb9;xmb10;xmb10nfc,
9798848801,TXCN FRAME,watchface,txcn727-coder,TXCN_Frame_AstroBox_Release,811c4f4,3.png,FRAME.png,表盘,xiaomi,xmb9p,
com.xe0.photo.watch,Xr图库,quick_app,YcFeller,XunriPhoto,955684d,icon.png,cover.png,实用工具;图库,xiaomi,xmb9p;xmws4;xmrw5;xmrw5xring;xmb10;xmb10nfc;xmrw6,force_paid
fatex.gangqinkuai.zzx,钢琴块,quick_app,skdkzzx,Piano-Tiles,1f7dae7,logo.png,QQ20260321-162322.png,钢琴块,xiaomi,xmb9;xmb9p;xmb10nfc;xmb10,
979815236985,Q版初音未来表盘 第二弹,watchface,Orange0w0,Chibi-style-Miku-Watchface-for-Xiaomi-Smart-Band-9-Pro_AstroBox_Release,85dc12f,icon.png,cover.png,初音未来;Hatsune Miku;Miku;39;小米手环9 Pro;表盘;Q版,xiaomi,xmb9p,
979885362176,Q版初音未来表盘 第三弹,watchface,Orange0w0,MikuWatchface_AstroBox_Release,cbb199b,Icon.png,%E5%B0%81%E9%9D%A2.png,初音未来;Miku;小米手环9 Pro;Q版;橘子,xiaomi,xmb9p,
com.afdian.matrixfive,爱发电数据仓,quick_app,jinmohan,Afdian-ShuJuCang-AstroBox_AstroBox_Release,5643b93,icon.png,preview1.png,免费;爱发电;开源;实用工具,xiaomi,xmrw6;xmws5;xmrw5,
com.matrixfive.online.ylgy,三相消除,quick_app,jinmohan,SanXiangXiaoChuFor_AstroBox_Release,3a49249,logo.png,preview.png,羊了个羊;三相消除;游戏;解压,xiaomi,xmb9;xmb9p;xmb10;xmb10nfc;xmws3;xmws4;xmws4xring;xmrw5;xmrw5xring;xmrw6;xmb10p,force_paid
com.dino.runner,恐龙快跑,quick_app,YuanRong1026,go-runner_xiaomi-Vela,71316df,icon.png,cover.png,游戏;休闲;娱乐,xiaomi,xmb9p;xmb10;xmb10nfc,
979808741600,endID,watchface,hrsthrt74,endID-for-astrobox,cfb0f39,icon.png,cover.png,表盘,xiaomi,xmrw6;xmrw5xring;xmrw5;xmws4;xmb9p;xmb10;xmb10nfc;xmws5,
979878680101,重圆2 体验版,watchface,OnDriveLine,Recircle2_AB,c1b7801,icon.png,cover.png,表盘;可编辑控件;时间感知,xiaomi,xmb10;xmb10nfc;xmb9,force_paid
979808740100,《马力欧＆路易吉RPG 兄弟齐航》风格表盘 +,watchface,hrsthrt74,MLRPG-brothership-for-astrobox,da8c66e,icon.png,cover.png,任天堂;马力欧;路易吉;NintendoSwitch;多样式;多设备支持;景深;简约,xiaomi,xmb9p;xmb10;xmb10nfc;xmrw5;xmrw5xring;xmrw6;xmb10p,
979808740200,PRiSM+,watchface,hrsthrt74,prism-plus-for-astrobox,a15055f,icon.png,cover.png,SEGA;maimaiDX;舞萌 DX;简约;多设备支持,xiaomi,xmb9;xmb9p;xmb10;xmb10nfc;xmrw5;xmrw5xring;xmrw6,
979808740300,World of Race,watchface,hrsthrt74,world-of-race-for-astrobox,0c3a7f7,icon.png,cover.png,任天堂;马力欧;NintendoSwitch;简约,xiaomi,xmb9p;xmb10;xmb10nfc;xmrw5;xmrw5xring;xmrw6,
979808740400,The Commander 体验版,watchface,hrsthrt74,the-commander-for-astrobox,625d3c0,icon.png,cover.png,多种数据,xiaomi,xmb9p,paid
979808740500,PoP☆P,watchface,hrsthrt74,pop-star-p-for-astrobox,76c13da,icon.png,cover.png,任天堂;星之卡比;可爱;简约;多设备支持,xiaomi,xmb9p;xmb9;xmb10;xmb10nfc;xmws4;xmws4xring;o63;xmrw5;xmrw5xring;xmrw6,
979825266001,【可互动】心跳文学部 莫妮卡,watchface,sf-yuzifu,Monika,a261c4b,icon.png,preview.png,表盘;可互动;心跳文学部;莫妮卡;ddlc;DDLC;Doki Doki Literature Club;心跳文学社;二次元;多设备支持;Monika;monika,xiaomi,xmb9;xmb9p;xmb10;xmb10nfc,
com.yzf.daymatter,倒数日 快应用,quick_app,sf-yuzifu,Daymatter_Quickapp_AstroBox_Release,342ef11,icon.png,preview.png,实用工具;日历;倒数日;倒计时;备忘录;提醒;日程,xiaomi,xmb9;xmb9p;xmws4;xmws441;xmws4xring;xmrw5;xmrw6;xmrw5xring;xmb10;xmb10nfc;xmb10p;xmws5,
com.yzf.fireworkMaster,狂欢烟火大师赛,quick_app,sf-yuzifu,FireworkMaster_AstroBox_Release,1ce392d,icon.png,preview.png,游戏;休闲;烟花;明日方舟,xiaomi,xmb9;xmb9p;xmrw5;xmrw6;xmrw5xring;xmb10;xmb10nfc,
979890780202,点阵Dot,watchface,zaona,dot-astrobox-release,7bde89a,icon.png,preview.png,表盘;简约,xiaomi,xmb10;xmb10nfc,
com.application.zaona.weather,简明天气,quick_app,zaona,simple-weather-astrobox-release,6804135,icon.png,preview.png,天气;免费,xiaomi,xmb9;xmb9p;xmb10;xmb10nfc;xmws3;xmws4;xmws4xring;xmrw5;xmrw5xring;xmrw6,
com.yzf.ballsRace,滚珠赛道,quick_app,sf-yuzifu,ballsRace,8913510,icon.png,preview.png,游戏;快应用;滚珠赛道;赛车,xiaomi,xmb9;xmb9p;xmb10;xmb10nfc,
979808740600,authRD,watchface,hrsthrt74,authRD-for-astrobox,aa2eca1,icon.png,cover.png,明日方舟;通行证;多样式;跳转,xiaomi,xmb9p,
979800000002,WF2,watchface,hrsthrt74,WF2-for-astrobox,f55c179,icon.png,cover.png,任天堂;简约;NintendoSwitch;指针;可编辑;深色模式;跳转;复刻;wf2,xiaomi,xmb9p;xmb10;xmb10nfc;xmrw5;xmrw6;xmrw5xring;xmws4;xmws4xring;xmws441;xmws5;xmb10p,
979808740700,MaterialFlex 体验版,watchface,hrsthrt74,MaterialFlex-for-astrobox,bec8976,icon.png,cover.png,MaterialDesign;质感设计;简约;可编辑;多样式;跳转,xiaomi,xmb10;xmb10nfc,paid
979808740800,MaterialMania,watchface,hrsthrt74,MaterialMania-for-astrobox,dff0d21,icon.png,cover.png,MaterialDesign;质感设计;简约,xiaomi,xmb10nfc;xmb10,
979808740611,authRD - 凯尔希,watchface,hrsthrt74,authRD-kaltsit-for-astrobox,51632ed,icon.png,cover.png,明日方舟;多样式;跳转,xiaomi,xmws4;xmws4xring,
com.application.zaona.flowchat,FlowChat,quick_app,zaona,flow-chat-astrobox-release,b3e81c3,icon.png,preview.png,实用工具,xiaomi,xmb9;xmb9p;xmb10;xmb10nfc;xmws3;xmws4;xmws4xring;xmrw5;xmrw5xring;xmrw6,force_paid
moe.yzf.comic,腕上漫画,quick_app,sf-yuzifu,bandcomic_Quickapp_AstroBox_Release,027541f,icon.png,preview.png,漫画;本地;摸鱼;实用工具;本子;二次元,xiaomi,xmb9p;xmrw5;xmrw6;xmrw5xring;xmws4;xmws441;xmws4xring;xmws3;xmws5,
top.zaona.gobang.better,更好的五子棋,quick_app,zaona,better-gobang-astrobox-release,e4dbb64,icon.png,preview.png,游戏;五子棋,xiaomi,xmb9;xmb9p;xmb10;xmb10nfc;xmws3;xmws4;xmws4xring;xmrw5;xmrw5xring;xmrw6,
979800000001,CAPTURE THE MOMENT,watchface,hrsthrt74,capture-the-moment-for-astrobox,1224fb8,icon.png,cover.png,徕卡;可编辑组件,xiaomi,xmrw6;xmrw5xring;xmrw5;xmb9p,
979808740628,authRD - 新约能天使,watchface,hrsthrt74,authRD-exusiaialt-for-astrobox,deafb15,icon.png,cover.png,明日方舟;多样式;跳转,xiaomi,xmrw5;xmrw5xring;xmrw6,
979808742200,banDS,watchface,hrsthrt74,banDS-for-astrobox,191e72f,icon.png,cover.png,任天堂;Y2K;复古;像素风;千禧年;点阵;可编辑;可编辑控件;复刻;跳转,xiaomi,xmb9p,
979808741500,死了么,watchface,hrsthrt74,sileme-for-astrobox,5bb93a7,icon.png,cover.png,表盘,xiaomi,xmb9p,
979808741700,Eclipse · 蚀,watchface,hrsthrt74,eclipse-for-astrobox,514be18,icon.png,cover.png,表盘,xiaomi,xmb9p;xmws4;xmrw5;xmrw5xring;xmrw6,
979808741800,Pied,watchface,hrsthrt74,pied-for-astrobox,2006843,icon.png,cover.png,表盘,xiaomi,xmb9p;xmws4;xmrw5;xmrw5xring;xmrw6,
979808742300,AccessRD【Vol.1 岁】,watchface,hrsthrt74,accessrd-vol-1-for-astrobox,bfca9af,icon.png,cover.png,表盘,xiaomi,xmb9p,
979805910928,焕芯,watchface,ChiHuan0807,979805910928_AstroBox_Release,c01d229,HuanXin_AstroBox-main/logo.png,HuanXin_AstroBox-main/画板 1.png,免费;简约;多空间;拼色,xiaomi,xmb9p,
979805910807,「矩」- 橘雪莉,watchface,ChiHuan0807,979805910807_AstroBox_Release,4bf0d6b,LOGO.png,画板 1.png,免费;9P;10;二次元;rw6;橘雪莉,xiaomi,xmb9p;xmb10;xmb10nfc;xmrw6,
979805910591,「方寸」,watchface,ChiHuan0807,979805910591_AstroBox_Release,965ef1f,画板 6.png,画板 1.png,简约;卡片;池焕;迟缓;时间感知,xiaomi,xmb10;xmb10nfc,force_paid
979874220993,Xiaomi Vision GT,watchface,ChiHuan0807,VisionGT_AstroBox_Release,cbe7be5,logo.png,画板 1.png,免费;动态;池焕;迟缓;小米;60帧;简约,xiaomi,xmb10nfc;xmb10,
979833453977,嘉光,watchface,ChiHuan0807,979833453977_AstroBox_Release,f3a90d5,logo.png,画板 1.png,免费;简约;重力感应;池焕;迟缓;蓝;绿;红,xiaomi,xmws5,
979890780301,青丘云镜,watchface,zaona,hill-cloud-astrobox-release,e24d0a2,icon.png,preview.png,景深;风景,xiaomi,xmb9p;xmrw5;xmrw5xring;xmrw6,
979840380251,序列_Kipfel,watchface,ChiHuan0807,979840380251_AstroBox_Release,5c3dec6,序列LOGO.png,1.png,池焕;迟缓;Kipfel;可爱;简约;多模块;轻动态,xiaomi,xmb9p;xmb10p;xmrw6,force_paid
979890780101,Ultra,watchface,zaona,ultra-astrobox-release,b56ce8b,icon.png,preview.png,表盘;简约,xiaomi,xmb10;xmb10nfc,
moe.orpu.neomusic,NeoMusic,quick_app,OrPudding,NeoMusic-AstroBox-Resource,2e031a9,icon.png,cover.png,音乐;实用工具,xiaomi,xmws3;xmws4;xmws4xring;xmrw5;xmrw5xring;xmrw6;xmws5,force_paid
com.charlie.hyperbox,Hyper Box,quick_app,wuhaiqi0621,HyperBox_ForAstroBox,14d6fae,icon.png,head_a.png,实用工具;工具箱;计算器;水平仪;每日一言;歌词本;答案之书;木鱼;性能测试;摩斯密码;二维码;跑马灯;荧光棒,xiaomi,xmb9;xmb9p;xmb10;xmb10nfc;xmrw5;xmrw5xring;xmrw6;xmb10p,
979812002126,Smart Home,watchface,mehtmls,SmartHome-Astrobox,cc74677,media/icon.jpg,media/headImg.png,工具;表盘,xiaomi,xmb9;xmb9p;xmb10p,
979869821000,动态疾旋鼬,watchface,Eric-qiqi,Jixuanyou-for-astroboxv2,5af5d6b,media/icon.png,media/toutu.png,可爱;动态;跳转;疾旋鼬,xiaomi,xmb10;xmb10nfc;xmb9;xmb9p;xmb10p,
979869821100,玉兰黄鹂,watchface,Eric-qiqi,yulanhuangli-for-astrobox,b873b0c,media/icon.png,media/awa.png,工笔画,xiaomi,xmb9p;xmb10p,
979811204059,数字交替Alternate,watchface,aurysian-yan,Alternate-ABResV2,ce194ec934ef688d3bc351f7b55a918e9d6859d2,media/icon.png,media/cover.png,大数字;大时间;多数据;简洁;天气;读秒,xiaomi,xmrw5;xmrw5xring;xmrw6;xmb9p;xmb10p;xmb10;xmb10nfc;xmb9,
smart.box,Smart Box,quick_app,mehtmls,SmartBox-AstroBox,9704bc7,media/logo.png,media/HeadImage.png,工具箱;免费;实用;娱乐,xiaomi,xmb9;xmb9p,
com.lst.bandtotp,BandTOTP,quick_app,leset0ng,astrobox-res-bandtotp,6887109,media/logo.png,media/ChatGPT Image 2026年6月30日 23_00_40.png,二次验证;验证码;工具;tool,xiaomi,xmrw5;xmrw5xring;xmrw6;xmb10;xmb10nfc;xmb9;xmb9p;xmb10p,
979808743800,A.R.O.N.A.,watchface,hrsthrt74,arona-for-astrobox,0e43135,icon.png,cover.png,arona;ARONA;阿罗娜;ba;蔚蓝档案;碧蓝档案;动态,xiaomi,xmws5,
asia.bilibili.mfa,【腕码】BandOTP,quick_app,lin945,BandOTP_Release,0ee2073,icon.png,preview1.png,2FA;MFA;双因素验证;验证码;实用工具;软件,xiaomi,xmb9;xmb9p;xmb10;xmb10p,
979820260630,「Layer UI」- 相册表盘,watchface,ChiHuan0807,astrobox-resource-979820260630,f4d718b,media/22923.png,media/22922.png,池焕;迟缓;相册;表盘;简约;模糊;拍立得;相片,xiaomi,xmb10p;xmb9p,force_paid
com.yxin.mijia5,米家遥控器,quick_app,yxinstu,mijia-Astrobox,a6e1452,media/1000012179.png,media/1000012178.png,实用工具;智能家居;遥控;米家,xiaomi,xmb9p;xmws3;xmws4;xmws4xring;xmrw5;xmrw5xring;xmrw6,
979811451483,「忆」UI焕新版-相册表盘,watchface,AL-1S-hash,astrobox-resource-979811451483,65e84eb,media/1000034131.png,media/1000034113.png,表盘;忆;相册表盘,xiaomi,xmb10p;xmrw6;xmb9;xmb10nfc;xmb10;xmb9p,force_paid
com.azuma.dic,英汉词典,quick_app,AzumaChiaki,AzumaDic,499dacd,media/logo.png,media/780DC36BE6420AF666B84B57D794E620.png,词典;学习;工具;英语,xiaomi,xmrw5;xmrw5xring;xmrw6;xmb10nfc;xmb10;xmb10p;xmb9;xmb9p,force_paid
9798200001981,「迷幻」,watchface,AL-1S-hash,astrobox-resource-9798200001981,9766b5c,media/1000034208.png,media/1000034207.png,EVOA;孤星计划;极简;长虹玻璃;弥散;艺术,xiaomi,xmb9;xmrw6;xmb10p;xmb9p;xmb10nfc;xmb10,force_paid
979808586472,时序（shixu）,watchface,Hobjl-lian,979808586472_AstroBox_Release,ff881cd,icon.png,Ab.png,表盘;Hobjl,xiaomi,xmb9p;xmb10;xmrw5;xmrw6;xmb10p,
979808743900,COMPASS,watchface,hrsthrt74,compass-for-astrobox,1fe82c6,icon.png,cover.png,compass;mc;我的世界;minecraft;动态,xiaomi,xmws5;xmb10p;xmrw6,
com.kevin.en,腕上单词,quick_app,AzumaChiaki,BandEnglish_ab,fa8856a,media/logo.png,media/68C96A73ECF0BA8780541353DBE3D0DA.png,英语;单词;学习;工具,xiaomi,xmrw5;xmrw5xring;xmrw6;xmb10;xmb10nfc;xmb9;xmb10p;xmb9p,force_paid
com.azuma.syclass,Var课程表,quick_app,AzumaChiaki,VarClass-ab,c92f6e5,media/icon.png,media/cover.png,课程表;效率;工具,xiaomi,xmrw5;xmrw5xring;xmrw6;xmb10;xmb10nfc;xmb9;xmb10p;xmb9p;xmws3;xmws4xring;xmws441;xmws4;xmws5,force_paid
com.remote.terminal,远程终端,quick_app,F7YM,astrobox-resource-com-remote-terminal,ab36f9f,media/RemoteTerminal.png,media/Group 7 (2).png,远程控制;Linux;Windows;SSH,xiaomi,xmrw5;xmrw5xring;xmrw6;xmb9p;xmws3;xmws4xring;xmws441;xmws4;xmws5,
979811130359,天归 - 天容万象 星途终归,watchface,auberdominique23-hash,979811130359_AstroBox_Release,4875f37,矩形 1.png,MasterGo 封面 16_9 - 2.png,二次元表盘;课程表;lua表盘,xiaomi,xmb9p;xmb10p,force_paid
com.watch.dic,腕上词典,quick_app,pcai7296,com.watch.dic_AstroBox_Release,87de5fd,icon.png,cover.png,离线;英语;学习;词典;免费,xiaomi,xmb10;xmb10nfc,
979825266002,倒数日 表盘,watchface,sf-yuzifu,Daymatter_Watchface_AstroBox_Release,f075888,icon.png,preview.png,实用工具;日历;倒数日;倒计时;备忘录;提醒;日程;表盘,xiaomi,xmb9;xmb9p;xmb10;xmb10nfc;xmws4;xmws4xring;xmws441,
979825266003,【可互动】千恋＊万花 丛雨,watchface,sf-yuzifu,murasame_AstroBox_Release,cefe00f,media/4495.jpg,media/容器 778 (1).png,二次元;千恋万花;丛雨;可互动,xiaomi,xmb10;xmb10nfc;xmb9;xmb9p;xmrw6,force_paid
97989995490,午夜飞行俱乐部,watchface,Cannyworks29,MidnightFlightClub,8739deb,media/Gemini_Generated_Image_je9cklje9cklje9c_副本.jpg,media/Gemini_Generated_Image_je9cklje9cklje9c.jpg,飞行;科技感;复古;仪表,xiaomi,xmrw5;xmrw5xring;xmrw6;xmb10;xmb10nfc;xmb10p;xmb9;xmb9p;xmws5;xmws4;xmws441;xmws4xring,force_paid
